username,rating,review_text,date,likes,comments,viewing_type,user_liked
king_david19,1,puros bakak,2024-02-05,0,0,watch,False
mikhaamayhay,1,"not cristine reyes, seen being with leni robredo 3 yrs after this",2025-11-28,0,0,watch,False
totallynotrae,10,"Rewatched for the first time since seeing it in the cinemas in 2022. I don't support anything that happened during the Marcos regime, however, I enjoyed the movie then, even now because it was meant to show the helpers/maids who worked in the palace during the People's Revolution. Personally, I grew up always having helpers/yayas and I have tremendous respect for them, and what they do for me and my family. Iâ€™ve had helpers who have seen me grow up, took care of me as a child, and some even took part in raising me instead of doing all that for their own children. In the movie, you could see the amount of loyalty the helpers had towards the family, and thatâ€™s something that I definitely see every single day with mine. Sometimes, I just think how lucky and how blessed I am to be on the receiving end of things, because they donâ€™t just choose to be a nanny, most times they don't really have a choice, they have to work to send their children to school, put a roof over their families heads, or to just put food on the table and make ends meet. In return, it takes significant moments away from their lives, they take care of somebody elseâ€™s kid rather than their own, they take care of somebody elseâ€™s mother or father instead of their own. Spending time that can never be given back on making someoneâ€™s life easier. Even on the hardest days, they have no choice but to keep going. When theres nothing else they can do but obey what they are being told to do. Even after all of that, they still have a smile on their face, they still do their job to the best of their ability, and for that I will always be grateful. ðŸ’Œ(ly ate ann and ate jean ðŸ¥º)",2025-11-23,0,0,watch,True
nickelcobalt_,2,PROPAGANDA.,2025-11-23,0,0,watch,False
chomulvr,1,finally may ma re rate nang 1/2 star (para lang doon sa part na sinira ng mga tao ang malcaÃ±ang)sayang budget amp sana binigay niyo na lang sa'kin kingina,2025-11-22,0,0,watch,False
rhyaaa,1,di ko napanood pero fuck u,2025-11-17,0,0,watch,False
arcyquin,,"this was shit, but the director of Ang Pakpak kong Yari sa Cellophane liked this because of Imelda Marcos' portrayal",2025-11-11,0,0,watch,False
letterchie,1,tomatoes arenâ€™t enough I need to throw bricks[I didnâ€™t even watch this],2023-01-07,0,0,watch,False
cherriluvscola,1,"aesthetically, this film is pretty.however, everything else is pretty shit.",2025-10-22,0,0,watch,False
eileethyia,1,decided to hate watch this with its pirated copy sana PERO WALA AKONG MAHANAP NA PIRATED COPY HXHABWBQH IT WAS SO BAD THAT NOBODY WANTS TO PIRATE THIS??????????????,2025-10-02,0,0,watch,False
edequina,1,FUCKING SHIT OF A MOVIE,2025-09-29,0,0,watch,False
yugimenez,1,Worst film ever. No substance.,2025-09-24,0,0,watch,False
ningningetuc,1,bobo lang maniniwala dito,2025-09-23,0,0,watch,False
bubzmilkchugger,1,ahah bait baitan tanga next time pakilagay trigger warning pag ilalabasnyo si robin padilla dyan.,2025-09-23,1,0,watch,False
lampjohnsontres,1,A mediocre film made worse by its disregard for history.This is a threat to Darryl Yap I will kill you.,2025-08-31,0,0,watch,False
dilfdorothy,1,ironically the most anti m*arcos filmâ€¦,2025-08-21,0,0,rewatch,False
aviline,1,Keeping Up With The Marcosesnahiya pa sila gawing telenobela eh,2025-08-21,0,0,watch,False
ss_shey,1,didnâ€™t really watched it but i know its trash,2025-08-16,0,0,watch,False
armpitsmaster67,1,wheres my mlm,2025-07-27,0,0,watch,False
gaymchnger,1,chaka,2025-07-25T06:22:38.103Z,1,0,watch,False
sundler,1,Kwento mo yan syempre ikaw tama diyan,2025-07-23,1,0,watch,False
jamie_4,1,baho,2025-07-19,1,0,watch,False
alexicillin,1,di ko 'to pinanood. gusto ko lang sabihin na pangit haha,2025-07-14T02:49:07.913Z,0,0,watch,False
joestar22,1,Shibal,2025-07-13,0,0,watch,False
jocsonofagun,2,tangina seryoso ba to,2025-07-13,0,0,watch,False
ilikemoviesssss,1,TANGINA!!!,2025-07-12,0,0,watch,False
homemadematcha,1,lino brocka was and still continues to be right to this day,2025-07-10,0,0,watch,False
br_owen,2,Propaganda I'm not falling for lol,2025-07-06,1,0,watch,False
miloouu,1,sige kwento nyo yan ih,2024-01-28,1,0,watch,False
808comet,1,"kahit 'di ko panoorin, ang panget halata",2025-06-19,2,0,watch,False
tenrii,,this has to be the most narcissistic movie ever made,2025-03-22,0,0,watch,False
maki0x,1,di na kailangan panoorin tong basura na to,2025-06-12,1,0,watch,False
flight2046,1,wahahahahah kahit 'di na panoorin alam mo nang pangit e,2025-06-12,0,0,watch,False
nickania,1,Flop in malacaÃ±ang,2023-06-05,0,0,watch,False
lourodrig,1,what a fucking awful film (i did not watch this willingly),2025-06-04,0,0,watch,False
izedkape,1,finally watched this for my final req in film 171sobrang PANGET putangina imee nagsayang ka ng pera dapat hindi na lang si darryl yap kinuha mong direktor maybe you couldve made InT 2.0 if u chose a better director and scriptwriter lolthe half star is for the prod designer / art director kasi yun lang yung medjo maayos gawa sa pelikulang to,2025-06-04,0,0,rewatch,False
ynnmn,1,i have to watch this for my political cinema ah classi cant even blame my prof for it,2025-06-03,0,0,watch,False
erayn_,1,watched this for class. im gna kms,2025-06-01,0,0,watch,False
znomtreux,1,curiosity kills a cat gyud diay coz why did I even watch this haha,2025-06-01,0,0,watch,False
stajo,1,only good point is I got to know Nosi Ba Lasi,2025-05-31,1,0,watch,False
maclie,1,pabibo amputa,2025-03-22,1,0,watch,False
m0tok0iura,,sobrang galing! di niyo sinabi sakin comedy pala toh!,2025-05-25,0,0,watch,False
cliff0rdlau_,,2 hrs of something...,2025-05-23,0,0,watch,False
keiq0o0,1,"The only great thing about this movie are the actors, their acting are top notch. The movie doesn't change the fact that the M***** are murderers and dim witted.",2025-05-22,0,0,watch,False
smackdaass,1,WATCHED THIS COZ OF MY MOM BUT LOLOL BAKIT PA KAYO BUMALIK EW,2025-05-13,0,0,watch,False
elillegallywand,2,parang gago lang haha,2025-05-10,0,0,watch,False
life4444,1,Maid in MalacaÃ±ang - Neil's Review:Putanginang palabas yan haha.,2025-04-26,0,0,watch,False
stphngx22,1,What the fvck is this?,2025-04-16,0,0,watch,False
libduou,,fck off daryl yap marcos bootlicker,2025-04-17,0,0,watch,False
dyvine,,recession indicator,2025-04-14T08:54:37.466Z,0,0,watch,False
himikoie,1,2x ko na nawatch to both for academic purposes and both nilalait sa analysis <3,2025-04-07,3,0,watch,False
direkkikay,,happy birthday cristine reyes!,2025-04-06,1,2,watch,False
iyadoeswhatever,1,"wow ang pangit tawa lang ako nang tawa!! also belated hbd cristine reyes. youâ€™re too pretty to be in this film wtf.kaya ako tawang tawa kasi ang characterization ng mag-asawa rito ay parang napaka meek at humble nila kaya kailangang si imee pa talaga ang maging palabanâ€¦ and bonget? wala lang, tambay lang na walang asawa at anak at walang ibang ginawa kundi mag-barâ€¦the way this was written, youâ€™d think na kung si imee naman pala ang genius at si bbm ay walang nagagawa for himself, then why did the latter run for president instead? sobrang funny. akala ko ba si imee ang darling genius kuno? anywayâ€¦ayoko rin pala â€˜yong chapter na palamunin kasi hello anong pinagsasabi nila na â€˜wag na raw sila pumalag kasi palamunin lang naman sila at ayaw ng mga amo nila ng dahas??? HA??? anong ayaw ng dahas??? bothered ako lalo na â€˜yong part na sabi nung isang yaya na sundin daw dapat ang mga amo who built the house and our nation like what the heckâ€¦ doesnâ€™t that line insinuate na katulong tayong mga viewers??? krazy talagaâ€¦ ang film na ito ang nagawa ng conditioning, actually (pa-accuse pa talaga sila sa unang part lol)alsoâ€¦ ang pangit ng plot twist na si imee pala yung maidâ€¦ hello???small nitpick ko nga pala ay anong nangyari doon kay chief justice? nagdrama-drama na lang kasi bigla, eme.",2025-04-03,0,0,watch,False
forgineo,1,"Took me three years to watch this and I would be objective on this:1. Marred by uneven writing. There are times that they would inject humor when in just one scene Imee was paranoid. 2. More tell than actually showing the narrative. Each chapter has its own introduction. 3. Audio has its problems and in the first scene at the Palace, it seems that Christine has the mic alone. 4. Undefined genre, it becomes a comedy, then drama and at one point, horror. There was a point that it becomes a documentary. I guess, Darryl, pick a narrative style. 5. Production-wise, I will be nitpicking this. Instead of using the images of Cesar and Ruffa, they used FM and IMâ€™s images instead. I need consistency because Cesar doesnâ€™t look as much as FM. 6. Most of the time, they used the One-shot technique and engaging narrative but it was flat. 7. We donâ€™t see much of the maids in MalacaÃ±ang. I guess we have to change this to The Marcoses in MalacaÃ±ang.",2025-03-25,0,0,watch,False
miko_acunya,1,ang medyo maayos lang dito ay cinematography at art directionnakakalunod lahat ng eksena sobrang dragging at sagad sa drama,2025-03-21,0,0,watch,True
boredlegacy,7,TOO MANY ILLIGITIMATE REVIEWS. lol,2025-03-17,0,0,rewatch,True
c_rl_,1,nyenyenye fuck you,2025-03-16,0,0,watch,False
claude_beatrice,,i watched this so you don't have to (para sa inquiry paper ng kaibigan ko putcha)DADDY PROUD K B SKENN!?!? ðŸ¥º,2025-03-13,0,0,watch,False
nhalaa,2,so much yapping. corny ass jokes. seems biased.,2025-03-09,1,0,watch,False
emanuelpisanon,6,"Maid in MalacaÃ±ang sparked mixed feelings in me. The film lavish portrayal of the Marcos family's final days was captivating, but it felt like it was sugarcoating their brutal legacy. It's a reminder that history is complex, but I worry it might misrepresent the facts.",2025-02-27,0,0,watch,True
niqmarq,1,"""Masama ba akong tao?""70,000 ang ipinakulong34,000 ang tinorture3,200 ang pinapatayMahigit P300 billion ang ninakaw(Amnesty International, PCGG)Inaasahan ko, at the very least, isa lang 'tong effort to humanize the Marcoses like Downfall. Kaso hindi, ano rin bang ineexpect ko sa walang hiyang direktor na 'to, pinapalabas na para bang taumbayan pa ang masama, na parang hindi inalipin ng kanilang pamilya ang Pilipinas nang mahigit dalawampu't taon (at sa ngayo'y patuloy pa rin), minaliit ang rebolusyon bilang isang pulitikal na agenda ng mga Aquino, at hindi bilang isang makamasang kilusan na nagpabagsak ng diktadurya. Nakakatakot lang talaga yung huling chapter, kasi sa bawat isang makakakita sa katarantaduhang pinapalabas nito, may limang mauuto at maniniwala sa 'totoong kasaysayang' pinaparatang ni Yap, ng mga Marcos, ng mga bumubura at bumabaluktot sa ating kasaysayan - madaling makita ang appeal nito sa masa, napakadaling ipalimot at mabago ang ating pananaw sa pamilya ng isang diktador.Ang pinakamasahol pa ay, ordinaryong mamamayan pa ang ginamit (ang mga kasambahay at PSC) para sa pagpapalaganap ng propagandang Marcos - para lamang sabihing si Imee pala yung ""Maid in Malacanang"" (no fucking way they did this). Hanggang ngayon, ginagamit at inaabuso pa rin ng parehong Marcos at Duterte ang taumbayan para sa sari-sariling pulitikal na layunin.Iniisip ko bago 'to panoorin na ""Baka bawi naman 'to sa visuals at technical aspects"" kaso hindi, ang gimmicky ng long takes, inconsistent yung audio, hindi maayos yung pagpalit from comedy (na hindi rin naman nakakatawa) to drama, ang uncomfortable ng blockings, at ang artificial ng acting ng lahat ng gumanap, high school play lang ang peg.Kahit ganito, naging matagumpay ang pelikula sa nais nitong gawin: hugasan ang pangalan at krimen ng mga Marcos, napa-upo ba naman si Bonget sa palasyo. Pero kahit anong pagbaluktot ang gawin nila sa kasaysayan, kitang kita ngayong ika-39 anibersaryo ng EDSA na tayo pa rin ang may hawak ng kasaysayan, hangga't may hindi nakakalimot, hindi ito mabubura o mapapalitan.1/2 star para sa Traydor na Pag-Ibig ni Marion Aunor, ang ganda ng kanta, pero bakit naman dito ka napunta.Putangina mo Darryl Yap, putangina ng mga Marcos, at putangina ng mga DuterteNever Again, Never Forget!",2025-02-25,3,0,watch,False
arizzlessteoo,1,turn it awfff,2023-07-13,0,0,watch,False
zer02wo,1,the only positive thing i can say about this film is that it had the perfect casting. the cast says much about themselves and it really resonated with the whole theme of the film.May we #NeverForget. No to historical revisionism.,2025-02-25,0,0,watch,False
laserquerst,,PANGET. NO TO HISTORICAL REVISIONISM.NEVER AGAIN! NEVER FORGET!,2025-02-25,0,0,watch,False
bfdy0308,1,"A movie for Marcos-washed geriatrics. From the ""comedic"" bits of the maids, to the utterly disorienting camera angles, this movie is a bonafide shitshow that I fully regret watching.I seriously don't know what they sought to achieve with this. One can tell their side of a story without having to defame the opposing figures just to justify their behavior. But then again, what kind of story would the Marcoses tell if it wasn't one that glorifies them and makes them innocent in the eyes of many?",2025-02-24,0,0,watch,False
lancerusaurus,2,Altering history and justifying dictatorship YASSSSSSSSSS,2018-06-06,0,0,watch,False
basturu,1,just,2025-02-17,0,0,watch,False
patrickmjones,,"Damn Darryl, what dirt do the Marcoses' have on you? Embarrassing and disgusting propaganda aside, there are some long takes and nice steadicam movement, especially in the first few chapters. Unfortunately, much of the details and dialog seem laughably unrealistic which detracts from the overall experience, even for obvious propaganda. But it all suddenly makes sense when the credits roll, and immediately following Darryl Yap's name is Senator Imee Marcos, credited as Creative Producer.Anyhow, I am just catching up on some Darryl Yap I skipped as I wait for The Rapists of Pepsi Paloma.",2025-02-12,0,0,watch,False
yhunnie,4,"Damn. Cristine Reyes in hysterics is def my fav part of all the movie. Scratch that, Cristine Reyes as my favourite part of all the movie. If you would ask me to explain gaslighting, manipulation, and pure inaccurate storytelling, I would def recommend this. Sobrang satisfying ng revolution scenes. Mr. Yap, you're not fooling anyone.",2025-01-24,0,0,watch,False
beargyue,,PANGET (di ko pa napanood pero gusto ko i-bash),2025-01-23,1,0,watch,False
buchmanster,1,if i would rate this by soft drinks:with 8 oz being 1 star and 2L as 5 starsbibigyan ko to ng.... isang sachet ng Coke,2025-01-18,1,0,watch,False
nevilleashley,1,.,2025-01-17,0,0,watch,False
sorajea,1,putang ina ano to?!,2025-01-15,0,0,watch,False
cefirolikesstar,3,"Watch this film if you wanna be exposed to revisionism, propaganda, and boring storytelling. Had the film chosen to focus on humanizing the people they showcased as opposed to uplifting political agendas, perhaps it could've decent and unique. Christine Reyes' neurotic portrayal of Imee Marcos was arguably one of my least favorite parts of this ""franchise""â€”aside from the obvious historical revisionismâ€”as her paranoia of potential assassinations and betrayal were essentially unfounded in the actual film. It made her lookâ€¦",2025-01-12,0,0,watch,False
divsdivsdivs,1,"currently listening to the robbers by 1975 kaya naalala ko. hindi ko pinanood ha, jusq mamatay nalang. kayo",2025-01-11,0,0,watch,False
wuhrren,1,hindi na kailangang panoorin para i-rate itong walang kwentang film na ang direktor ay isang pdf,2025-01-09,0,0,watch,False
krgonzales,,"Letterboxd should allow a negative star. I stand by that filmmakers are not always historians. Film is not truth 24fps or whatever. but I think watching this is still essential just to see how distorted the Philippine history is. You know what they say, it's okay to watch shitty films from time to time.",2025-01-08,1,0,watch,False
zyphire,3,traydor na pag-ibig,2025-01-08,0,0,watch,False
rishosh,,top 10 ways para sirain ang buhay pati na rin ang eardrums#1 panoorin tohpotragis sana nanood n lang ako ng bold,2025-01-07,0,0,rewatch,False
rishosh,,Bonget ampota,2025-01-07,0,0,watch,False
potato___,8,"Although the controversial and the history surrounding about this movie, can't be changed for history is history. A fact that can't be portrayed as fake. But this movie has set the stage of a new perspective, even the villains of the Philippines is still counted as humans, even the rich fear, even the most powerful is a coward, and even a family can be broken. A film about the marcos perspective and self view is a joke to many. But this movie is able to portray the fear anf thr family of the marcos, in the time of edsa revolution. Its striking and uncanny, but very humane emotions. Its a good movie, if you ready to know their story. (Ferdinand marcos is still a villain, but still a human)",2025-01-03,0,0,watch,False
nengxj,1,ANONG MARCOS?!?! ETO OH ðŸ‘†!!,2025-01-02,0,0,watch,False
t0k1s,1,gusto ko lang i-bash,2024-12-29T17:09:35.438Z,0,0,watch,False
victorgbuena,1,"1. This movie is propaganda in favor of making the image of the Marcos dynasty look good.2. It is an insult to the people's intelligence.3. I watched this when it came out in its premier, and I must say, I am deeply disappointed at the state of the Filipino electorate. Laughing along to this film. With all its historical distortion, and its whitewashing of atrocities.",2022-08-03,0,0,watch,False
ciebwy,1,smh,2024-12-23,1,0,watch,False
bvlldog,1,Di ko pinanood pero ampanget,2024-12-16,0,0,watch,False
jesspress04,1,NO!Please just stop.,2022-09-03,0,0,watch,False
leivfsl,1,what even is this?,2024-12-10,0,0,watch,False
colestriase,1,"hindi ko pa napapanood, gusto ko lang mang bash",2024-12-08,0,0,watch,False
mohammer_razid,1,I hope this pathetic excuse of a director stops making films for the good of humanity,2024-12-06,1,0,watch,False
dittoshooter,,di ko pa napapanood pero hahahaha,2024-11-16T18:17:59.709Z,0,0,watch,False
gabefernandez,1,i repeat this is for a school req this is for a school req,2024-11-14,2,0,watch,False
notperi,,"even in distorting the truth, di pa rin magawa nang maayos? The scenes were either cringeworthy or disgustingly funny. no in-betweens",2024-11-14,0,0,watch,False
louvremika,1,panget lol tf was that,2024-10-31,0,0,watch,False
filobooster,1,lord this is so ass,2024-10-25,0,0,watch,False
_seiy,1,ew,2024-10-24,0,0,watch,False
leodleon,,what the fuck did i watch,2024-10-17,0,0,watch,False
ishpresso,1,Kadiri is all I can say hahahah also parang group project ng grade schooler,2024-10-18,0,0,watch,False
purezadiva,1,"[Intro: Charli xcx, Troye Sivan, Dua Lipa]Talk to meTroye, babyHay una fiesta en mi casa, venganSerÃ¡ muy divertido[Verse 1: Troye Sivan]Are we getting too close?You're leaving things in my headI'll be honest, you scare meMy life's supposed to be a party(Do yo-you ever think about me?)[Pre-Chorus: Troye Sivan]'Cause we talk that talk, yeah we talk all nightAnd the more I know you, the more I like youCan you stick with me? Maybe just for life?And say what's on your mind? My baby[Chorus: Charli xcx, Troye Sivan, Charli xcx & Troye Sivan]Talk to me in French, talk to me in SpanishTalk to me in your own made-up languageDoÐµsn't matter if I understand it (My baby)Talk right in my ear (YÐµah, yeah)Tell me your secrets and fears (Yeah, yeah)Once you talk to me, I'll talk to youAnd say, ""Hey, shall we go back to my place?""[Post-Chorus: Troye Sivan]'Kay, here's the planI wanna fly you out to AmsterdamI got a good hotel to fuck you in, I wannaâ€”Boy, come see meWe could pop our shit to CharliIn the med your arms around me[Refrain: Charli xcx, Charli xcx & Troye Sivan]Talk to me in French, French, French, FrenchTalk-talk-talk-talk-talk-talk to me in Spanish, Spanish, Spanish, SpanishTalk-talk-talk-talk to me in French, French, French, FrenchTalk-talk-talk-talk-talk-talk to me in Spanish, SpanishShall we go back to my place?",2024-10-10,1,0,watch,False
arksimplengtao,,comfort movie ng ex mong lalaki na gaslighter at manipulator,2024-10-04,0,0,watch,False
strawberreii,1,ANG FANGIT TANGINA,2024-10-02,1,0,watch,False
handpickedberry,,"life moodboard: imelda marcos breaking down in bed in full makeup, gown, and complete hairdo",2024-10-01,0,0,watch,False
handpickedberry,,end call ko na baks,2024-10-01,0,0,watch,False
jamela029,1,tanginang basura (di ko pinanood),2024-09-27,1,0,watch,False
sabwars,1,"So I finally watched the entirety of this and oh my god I genuinely hate it. Sakto lang pala na I watched this around the anniversary of the declaration of Martial Law. Darryl Yap wannabe ahh tarantino.Now, throughout the entire film SOBRANG HALATA na emotional impact focus neto- specifically, the emotional impact to gain sympathy for the Marcoses. Gagi lahat ba naman ng iyakan pinepraise sina FEM and Imelda sa lahat ng mga ""mabuting"" nagawa daw nila. Not to mention rin how every single time the Filipino people are mentioned we are villainized just because we are fighting for the oppressed. â€œHindi ko kayang labanin ang mga Pilipinoâ€Tangina imaginin mo presidente ka tas gusto mo labanin directly mga citizens mo without even understanding why?Lumalaban daw tayo sa mga kabutihan na ginawa ng mga Marcos and malicious intent lang lahat para sirain ang pangalan nila. Eh the entire premise/the reason why weâ€™re fighting is going over their heads. FEM saying that the revolution for the Filipino people starts when they leave the country to flee for their safety taints what it truly means to hold a revolution to fight for oneâ€™s rights.Wala, I hate this. Halatang pang brainwash with so many unnecessary emotional dialogue to get us to sympathize with them through the experiences of real life characters (the maids). The humor is so forced and out of place too. At ang pinakanakakainis is the ending scene- they really tried to be that deep huh ðŸ’€Ang dystopian rin ng dating eh, a scene highlighting all of Imeldaâ€™s shoes and dresses tas the entire palace being so fancy. Do you really want to defend rich people who stole from the government and everyoneâ€™s damn taxes? Galing sa perang bayan lahat ng mga sapatos at damit na yan eh. Nakakaputangina, just because they gave their workers the bare minimum kailangan ba talaga sila sambahin ng ganyan? Eh andaming ninakaw ng mga Marcos atsaka pinagpapatay.Also, I really hate how badass the intro scene was like shut the fuck up darryl yap donâ€™t u dare take inspo from good gangster filmmakers and integrate it into propaganda films. Tanginamo panot.Tldr; the Marcoses need family therapy. Never again and never forget bro.",2024-09-20,0,0,watch,False
mangostine,,"I just want to say how much i wanted to commit arson during the peak film promotion for this. Every single person involved are oppressive kunin na sana kayo ni lord. sana yung kanin niyo tutong tas may itlog ng langaw. lagyan na din natin ng tae ng daga para masaya. masarap din naman yung leptospirosis, dagdagan na natin ng aso na may rabies at lechon na may uhog uhog sa loob. madaming tae ng ibon na malapot . didilaan ko lahat ng kutsara at tinidor niyo pati na din mga kawali, kaserola, kaldero, basta lahat. putangina niyo mga gago kayo. Thatâ€™s all.",2024-09-13,1,2,watch,False
whatjever,3,36propaganda was crazy but i was honestly down w the plot lmao,2022-11-18,0,0,watch,False
halfgod,1,"M: That's an awfully enjoyable film.D: That's what I say, an awfully enjoyable film.",2022-07-08,0,0,watch,False
jedson_27,1,Mega yiiiiiiiiiiiikesâ€¦ and I watched it on the plane too.It's technically a retelling of the Marcos family but something is completely off. I can't put a finger to it.Maybe the everlong shouting scenes? Or that the acting was off for the majority?? That was somehow unforgivable!Note: A SEQUEL EXISTS! What in the WORLD!,2024-09-01,0,0,watch,False
iiiza,1,Lowkey right wing propaganda and incredibly inaccurate depiction of what happened but I cried my eyes out anyway,2024-08-12,0,0,watch,True
voguevilat,1,havent watched this but historical revisionism is where i always draw the line :3,2024-07-27,1,0,watch,False
izzcstr,2,kakapal ng mukha ng mga putangina,2024-07-26,0,0,watch,False
zoey_de_leon,2,This movie sucked. Even if I will support the Marcos.This film's purpose is just cynical.,2024-06-24,0,0,rewatch,False
filmmecker,1,Yawa,2022-08-28,0,0,rewatch,False
ronskyzus7,1,Born out of the ever-present political election mess. Defends a family that caused human rights violations.,2024-07-01,0,0,watch,False
yellooove,1,mid in malacaÃ±ang daw ahaha? obviously lower than midtangina bkit ba pinanuod ng magolang ku toh kainis. lumala lng anger issues ku ðŸ–•ðŸ–•ðŸ–•ðŸ–•ðŸ–• fuck u darryl yap ðŸ–• filling victim ampota,2024-06-24,0,0,watch,False
tenderjershey,1,"hindi na 'to historical revisionism, it's a distortion of a historical event. ang lala talaga ng historical distortion ng pelikulang 'to, like kailan pa naging victim ang mga marcos? sa dami nilang pinatay at tinorture nung rehimen nila. isang malaking sampal 'to sa mga lumalaban sa diktadurya ni marcos sr. pasistang rehimen ibagsak!!! idagdag mo pa na wala man lang prosthetics si cristine reyes para sa baba ni imee marcos, doon pa lang mapapansin mo na historical distortion 'to.",2024-06-23,0,0,watch,False
osiasemcy,1,Gun in the back of your head name one good Darryl Yap film,2024-06-23,0,0,watch,False
loumion,1,ew,2024-06-22T02:45:24.005Z,0,0,watch,False
y0saci,,di pa nga nirelease pangit n agas lol,2022-07-03,0,0,watch,False
sonyaru,1,PANGIT,2023-08-22,0,0,watch,False
leitterbd,1,HAHAHAHAHA para sa mga nag 5 stars na gumawa lang ng account para i 5 stars to sa Letterboxd. HAHAHAHA KUWAWA.,2024-05-28,0,0,watch,False
matthewmadrigal,1,this film sucks it's just political propaganda no one cares about,2024-04-29,0,0,watch,False
marsfirm,,ang bantot talaga,2024-04-08,0,0,watch,False
magicianed,1,"did not finish, stopped at the marcos jr and marcos sr scene sa library scenenarindi ako sa puro sigaw.. ðŸ˜­ tried watching this without removing my biases para mas ma""convince"" ako with how well-made it was ... no... HAHAHAHA... HAHAHAHSHA NO",2024-04-16,0,0,watch,False
mintcornetto,2,will put my review later but this movie was a steaming pile of shit,2024-04-16,0,0,watch,False
dream__girl,1,"watched this only for class and boy was it hard to finish â€¦ i was saying â€œwtf?!â€ throughout the film â€” the screenplayâ€™s atrociousâ€¦ â€œdaddy masyado ka kasing mabaitâ€¦â€ â€œirene, masama ba akong tao?â€ TF ?! they didnâ€™t even show why or actually say the true reason why the people were revoltingâ€¦ theyâ€™re distorting history and want pityâ€¦ whatâ€™s there to like about this? about them?",2024-04-16,1,0,watch,False
coolcatz_,,"an appalling distortion of our history. yap and co has fucken bastardized a revolution that fought for humanity and the rights of the masses by making it into some villain to a family of tyrantsa dishonor and disservice to all who fought and rebelled for freedom of the masses. It is blood-boiling to see the marcoses being portrayed as victims of history while the actual victims barely get any reparations. how have we let our art and our cinema becomes some propagandistic ploy to distort our very own historywe are indeed a country in doomALSO movie is so ass, wtf was that aspect ratio? The color-grading was off, yap and co were trying so hard to be cinematic and the dizzying camera effect was not it. That camera gave me a damn headache dawg like yâ€™all did not have to do all of thatAnyway, narrative wise there were definitely CHOICES here. It is icky, how tf was that story approved. Anyway, one of my biggest gripe with this is how â€œMarcos was hated because he was from the provinceâ€ the film did not even attempt to explain why people were revolting in the first place ðŸ˜­ðŸ˜­A shit movie all in all and I hate it with all my being, if ever someone defends this movie during class, idk my perception of you will forever be changed",2024-04-16,0,0,watch,False
calaykay,1,isa pang nosi balasi baka barilin ko na sarili kong ulo,2024-04-15,1,0,watch,False
crappychronicle,1,[watched for educational purposes]TANGENA ANG PANGEEEETTT PUTANGINA NIYYOOOOO,2024-04-15,1,1,watch,False
madd13_,,i never thought terrible films existed until i watched this one,2024-04-11,0,0,watch,False
ck1016,1,camp,2024-04-11,0,0,rewatch,False
someonemisfit,,asim,2024-04-09,0,0,watch,False
ziasbll,1,MARCOS HITLET DIKTADOR PASISTA!!!!,2024-04-09,0,0,watch,False
yarskiepie,1,putanginang yan,2024-04-08,0,0,watch,False
adriennnee,,ew,2024-04-07,0,0,rewatch,False
logansargeant,1,"Iâ€™m 13, watched this in the theatres at 11.I donâ€™t speak Tagalog.I was bored.Longest two hours of my life.Anyway, Viva la Philippines!!! Orâ€¦ I donâ€™t know.",2022-07-30,0,0,watch,False
t5motb,1,Propagandaaaaa ðŸ˜‚ðŸ˜‚,2024-03-29,0,0,rewatch,False
marquisreels,1,Should not be even worth half a star. Itâ€™s a film plastered with 80s music to make you feel awfully nostalgic about something terrible while painting the protesters in EDSA Revolution who fought for freedom from a dictatorship as the villains. Basura.,2023-09-15,0,0,watch,False
earlyfebruarys,,"whenever i feel stupid i just need to remind myself ella cruz described philippine history as ""gossip""",2022-08-08,0,0,watch,False
silentcinephile,2,"Lies. Lies. Lies.Fact#1. There's no denying this propaganda movie was made to clear the name of the Marcoses.Fact#2. Even as a work of fiction, this movie suffers from a bad script and bad acting. The only saving grace is Cesar Montano as FEM and, in certain scenes, Ella Cruz as Irene Marcos, Karla Estrada as Santa and Beverly Salviejo as Biday.Fact#3: Delusions of grandeur and messianic complex run in the Marcos family. Hindi lang si Imelda. Pati si Imee. The MalacaÃ±ang Palace is not the permanent residence of the Marcoses. In fact, your family overstayed for 21 years because of your parents' greed for power. Imee as the 'Maid in MalacaÃ±ang' is DEFINITELY NOT a reliable source. I have a feeling the eldest Marcos daughter will run for President after BBM.Fact#4: Unfortunately, a lot of Filipinos will be fooled by this movie judging by the reaction of the people inside the cinemahouse. Mapapamura ka sa katangahan ng mga Pinoy.ðŸ¤¬Ang hirap mong mahalin, Pilipinas.ðŸ˜£",2024-02-17,0,0,watch,False
subaruuu,1,cringe fuck,2024-02-06T16:15:51.525Z,0,0,watch,False
rosieroserose,,"Ngl, i cried watching this pero sa mga binitawang salita lang. Doon sa part na ""Hindi kita kayang makitang mamatay dito"", I just remember what my dad said nung sick ang mom nya. Yun lang, tangina wala namang nalinis na pangalan dito si darryl. Gago ampota, christine reyes acting tho???? Pero tangina nito gago, may magagawa ba tong movie na to sa ilang libong taong namatay nung martial law? TANGINA MO TALAGA PDF FILE",2024-02-01,0,0,watch,False
yuukoito,1,"Ube cake pandesal, mas gugustuhin ko pang matulog kesa panoorin tong gagong to",2024-01-30,0,0,watch,False
patrichia,4,two stars just for reyes alone.,2022-08-03,0,0,watch,False
daydreamfilms,,"if u see this pls don't judge me, i just rewatched this for my thesis !i watched this back in april last year when me and my thesis mates started writing out our study, and it never fails to agitate us. it's blatant historical distortion. it's ridiculous. it doesn't even deserve a half-star rating because of how shitty this is.",2024-01-17,2,0,rewatch,False
clayie,1,Potangina ðŸ–•ðŸ»,2024-01-17,0,0,watch,False
takumikyla,1,Acting - 0Story - 0Cinematography- 1Vibes - 0=âœ¨ï¸,2024-01-15,0,0,watch,False
darkyozora,,DEUUEAUGH!,2024-01-14,0,0,watch,False
jhnh292,1,hi pwede bang i-only me mo iyang opinyon mo hindi kase nakakatulong sa pag-angat ng ekonomiya like? maglalapag ka ng opinyon mo wala namang kuwenta so diba? my gosh ha! stop it hindi kase nakakatuwa. Ang mga ganiyang opinyon ay dapat sinasarili hindi nilalabas sa public. At saka isa pa where did you get the audacity to lapag-lapag your opinion? my gosh sis ha! nakaka-bother na kasi yung mga opinyon mong wala namang kuwenta diba?? ilalapag mo pa yang opinyon mo eh wala ngang um-agree riyan omg stop na ha. Kung ang pagbibigay mo ng opinyon is for clout lang please stop it hindi nakaka-funny,2024-01-08,0,0,watch,False
not_ronette,,not cesar montano went from being jose rizal to marcos ubecakes,2024-01-07T05:30:10.233Z,0,0,watch,False
saintjego,1,"decided to feel silly TODAY!! first time ko lang panoorin at dump ko lang some of my thoughtsâ€¢ first of all, ang panget! like objectively panget politics asideâ€¢ wdym malacaÃ±ang eh bahay yan ni lola nidora eâ€¢ funny nung pagka heroic ni Imee wahahahaha baliw + spoiler alert: siya yung tinutukoy dito na maid in malacaÃ±angâ€¢ considering na nilabas ito during ng pagka-presidente ni bongbong, bakit naman siya pa yung may pinakafangit na actingâ€¢ ang random nung robin padilla cameoâ€¢ ang random din ng shoe collection sceneâ€¢ naalala ko yung linya ni kathryn sa avgg (sa scene na nagsusukat ng gown si mother) everytime nakikita ko si karla estradaâ€¢ sobrang evident ng signature vincentiments/darryl yap-esque shots wahahahaha derogatory yanâ€¢ ella cruz pinakatangang blink na kilala ko",2024-01-03,0,0,watch,False
evrybdyluvspie,1,IJBOL,2023-12-27,1,0,watch,False
aoihr,1,PUTANGINA NG MGA MARCOS,2023-12-24,0,0,watch,False
alecryuu,1,Maganda panoorin bago matulog.,2023-12-22,1,1,watch,False
jesusmary,1,"Whoever wrote this garbage must've had a kick of liquid plutonium one morning then already immediately took it upon his/her own ailing mind to decide for the rest of the country that it is in an alarming need of a low-grade, Philippine-history-if-drawn-from-memory class project.",2023-12-16,8,0,watch,False
randomahjussi,1,"Mini-ciclo asiÃ¡tico ""polÃ­tica ficciÃ³n revisionista"". Wow.",2023-09-03,0,0,watch,False
bogambilya,1,ang point ng movie nito ay pointless,2023-12-10,0,0,watch,False
vien,3,"bbm in fatigues will always never be unfunnypremise is ok, obvious fiction. framed in a way where the story is told without factual inaccuracies while presenting the then-first family as personable. the portrayal of the relationships between maids and bosses in general were rather accurate, if not idealized. some genuine laughs here and there since some parts are just ridiculouscristine reyes works as a shouty imee (in the best way?). aside from the premise, objectively not the worst movie out there. extremely dragging tho",2023-11-30,0,0,watch,False
arjie2002,1,Burat.,2023-02-08,0,0,watch,False
veryradgirll,1,wake up babe! a pedophile director just made a lame film!,2023-11-28,2,0,watch,False
midwest_nico,1,kuhang kuha inis ko,2023-11-28,0,0,watch,False
kumikidlat,1,"ANG DAMI KONG PROBLEMA, DUMAGDAG PA â€˜TOno to historical revisionism",2023-11-21T19:00:18.331Z,0,0,watch,False
chrstn,1,that was one of the worst and un-subtle pieces of media i have ever seen in my life. jail,2023-11-15,0,0,watch,False
khelx,2,"Very underwhelming, tried hard not to fall asleep - whilst at certain points very informative but in others just noisy with no true depth in the narrative or dialogue of the story. It tried to do something that it unfortunately did not reach and the movie plainly makes the Marcosâ€™ look like Martyrs in the making. Stillâ€¦ very informative of the events that occured at that time.",2023-11-12,0,0,watch,False
villonesvey,1,parang ang asim ng cast,2023-11-12T14:50:28.305Z,0,0,watch,False
dubutofuuu,1,Panget,2023-10-22,1,0,watch,False
pussilog,1,watched (online for free) for a film criticism assignment and holy shit that was such a humbling experience (realized my vocabulary isn't enough to describe how terrible this film is and how much i grieve the time i have spent watching),2023-10-19,3,0,watch,False
sophasaurus,1,marcos family can suck my ass,2023-10-17,0,0,watch,False
lhyemarp,2,"+ Let's start with the few positives. How this film looks is amazing. Though, for most of the time, people are just standing and exchanging dialogues, the colors of this film really feels like a step-up, relative to Filipino comedies and teleseryes. Also, I guess I liked how it utilized old news footages. And, that's pretty much it.+ Anyways, leaving all politics aside (even though it's hard to do so), if we are going to just view this on the technicality of film making and writing, it's bad. The writing, sound design, and score are overly dramatic clichÃ©s you would expect from a family drama, a low-brow comedy, and from a historical and political biopic. Though I appreciate the long takes as it really let's the drama feel natural, however, it also exposes just aforementioned poor writing because it's dialogue that serves nothing to progress the story other than sending their propaganda. + But truly, one cannot really discuss how this film is written without acknowledging the context of which it arose from. If we really dissect the film, it will not stop bleeding ""Marcos Apologist"" and historical revisionism. It is also troubling how the film really conveniently is not interested in truly discussing the politics with enough rigor and discipline. It really overly simplifies the entire EDSA People Power to just a dangerous riot orchestrated by power hungry politicians. It leaves out all the complexity of the political climate, as well as all the money laundering which sparked the entire social crisis. Not to mention the violences inflicted during the Martial Law. There really is the sense that Daryll Yap, the director and writer, was only really interested in telling one minute moment of this dark but important part of Philippine history. And he did not even discipline himself enough to not fall prey to self-indulgence. He really wrote it as if its a novel which ironically, made all of the actors in this film feel like they are overacting. + What is also troubling is how it did not even shy away from truly depicting the regal and glamorous life of the Marcos' in MalacaÃ±ang. From the number of loyal maids, every wall plastered with life size portraits, easy international travels, among others. And with that kind of glamorous mise en scene, the audacity of this film to mention that the Marcos are not elitists, and that it's the reason for the hate they get. + Christine Reyes, portraying a younger Sen. Imee Marcos, who happens to be a creative and executive producer of this film, had the highest screen time with acting that knows only to scream frantically. It really is interesting that the senator allowed herself to be depicted and written like this, a controlling paranoid daughter flustered by their family's downfall. And how they revealed she is the Maid in MalacaÃ±ang? Wow. + And let me just point out how blasphemous this film can get sometimes. Other than the regal mise en scene that competes with churches and their number of Christian iconographies. The scene where President Marcos scolds his son, Bongbong Marcos, the camera gradually and steadily circles around the two as they exchange their dramatic dialogue. The scene is honestly one that I can appreciate because of how it chose to keep this camera circling them technique continue on one long take. But during this long take, there are a handful of moments when the ceiling lights goes behind the President's head resembles a saint with a halo. It's a small nitpick but, dear Jesus, this film really wants to be on the Marcos' good side. + Another nitpick I want to highlight is how in the scene where Bongbong and Imelda Marcos are talking, they seem to have overestimated the Philippine government after the Dictatorship, stating once they leave, the people of the Philippines would do everything not to let them come back. It does make the audience wonder, and potentially realize the failures of the republic that came after. But what bothers me is this will only paint the democratic and liberal ideas, that should govern us, with yellow And because of it, the discourse of political awareness goes down as just another color contest. And that ""IRM 2022"" just screams corny.+ There's no substance to this film other than the blatant propagandist nature of it. I recommend watching, not to support this types of film, but to persecute it.",2023-10-01,0,0,watch,False
keithhuman,1,THIS IS ONE OF THE MOST FILMS OF ALL TIME. Never regretted hating it. #MarcosMagnanakaw,2023-09-19,0,0,watch,False
pochitaa,5,I like the soundtrack.,2023-09-15,0,0,rewatch,False
123gir_hermione,1,Should not have been made,2023-08-22,0,0,watch,False
damienbrocka,1,"tangina, pinanood ko na rin to ng buo at parang nagkasakit ako. wtfuck is this shit... ket alisin ko bias ko sa mga marcos para lang tong fan service sa mga die hard supporters potang.",2023-08-14,1,0,watch,False
gwebb,1,tama nga sila. magfifinger na lang aq,2023-08-13,4,0,watch,False
theflyingduck,1,PUTANGINA MO DARYL YAP MAY TILILING KA TALAGA,2023-08-05,2,0,watch,False
twohearts,1,never seen this but Iâ€™m giving it half a star bc I thought this was a maid in manhattan remake and Iâ€™m disappointed to learn it isnâ€™t,2023-08-02,1,0,watch,False
antonioagregado,2,â€œGusto ko lang maging proud ka sa akin dad kasi parang di ka proud sa akin.â€Shonget,2023-07-30,3,0,watch,False
gwa3xbond,,ang panget subra,2023-07-27,1,0,watch,False
filmeep,,hindi dapat binibigyan ng plataporma ang mga gustong baguhin ang kasaysayan at sirain ang kinabukasan ðŸ–•ðŸ»,2023-07-26T15:50:28.697Z,1,0,watch,False
arvinjoseph,1,finally na-pirata ko na din to,2023-07-24,1,0,watch,False
candybling,1,andito lang ako para magbigay at magdagdag ng mababang rating whahahahahahahah â€˜wag na kayong umulit ang shonget (kahit hindi ko naman pinanood),2023-07-23,0,0,watch,False
darrylyap,1,i quit filmmaking,2023-07-23,0,0,watch,False
amancalledoyo,1,ISELDA NA YANG MGA YAN,2023-07-23,0,0,watch,False
lip__,1,huhÂ¿,2023-07-23,0,0,watch,False
ajtn05,1,"The Robin Padilla cameo was real???Anyways, I thought it was supposed to be a propaganda piece but it doesn't really work as one. I guess if you already like the Marcoses, maybe you'll like them more, but if you're a critic, it will do nothing to change your views on them.In terms of the technical aspect of the movie, its pretty decent. The composition and camerawork look good when contrasted with some of the soulless garbage that have come out of Hollywood recently. The performances, if they were done in a different context would have been considered compelling. None of that however, changes the fact that it is a shameless attempt to make you sympathize with the people who destroyed this country and also as a bonus, happens to be directed by a pedophile. pero nakasavage ako sa ML habang nanonood nito, so half-star.",2023-07-18,0,0,watch,False
windiermegatons,1,"Nakakahiya langâ€¦Looking for a movie to assist with Tagalog exposure, I thought this one might stand out amid what looked mostly like a sea of lukewarm romantic comedies. As it happens, this was substantially worse than I could possibly have feared about the others. You know youâ€™re in trouble right from the jump when Imee Marcos is listed as both a creative and executive producer and then turns out to be the main character of the film. I suppose you canâ€™t blame the Marcos clan for trying to further whitewash history now that theyâ€™ve fully completed their comeback with the ascension of Bongbong to the presidency a month before this was released, but I almost wonder why they even bothered when the attempt was so dire. This movie is two hours long and it could have cut down to about 20 minutes total - most of the runtime is occupied by interminable scenes of characters saying anything and everything theyâ€™re thinking, none of which would be particularly interesting even if most of it werenâ€™t focused on the thesis that Ferdinand Marcos was not an oppressive dictator but rather a Great Man who Loved His People, Actually. Even by Filipino movie standards the overacting is intense - virtually every member of the main cast gets at least one showpiece to absolutely devour the scenery. The actress playing Imee screams so much she must have needed a lozenge by the end of filming (how this was intended as a flattering portrait of a producer of the film I have no idea, but I guess she is referred to as a â€œgeniusâ€ multiple times).This reminded me of nothing so much as the kind of thing that might be dumped out by American *cough* â€œauteurâ€ Dinesh Dâ€™Souza. It evinces absolutely zero talent on the part of anyone involved - the acting stinks, the writing would stink even if the message werenâ€™t horrendous, the tone lurches wildly between melodrama and slapstick for no apparent reason, and the long takes (with their constantly moving camera) are insanely tedious. Paul Thomas Anderson this ainâ€™t. But you actually have to appreciate how badly this is made - if this were a better movie, it might actually have some hope of convincing people of what itâ€™s trying to do. But itâ€™s such a mess itâ€™s hard to imagine anyone getting all the way through unless theyâ€™re already enormous Marcos fans or absolute gluttons for punishment like me. For anyone else, donâ€™t waste your time, and I do mean waste. There are easier ways to learn Tagalog than trying to sit through this joke.",2023-07-12,0,0,watch,False
antiyohji,1,ACM,2023-07-06,0,0,watch,False
1wooyengirl,1,pakitiris si darryl yap,2023-07-01,0,0,watch,False
kaijuboi,3,"Not the worst movie I have ever seen, so there's that, I guess",2023-06-25,0,0,watch,False
ominoususername,1,They should have Romanov-ed the Marcoses,2023-06-26,1,0,watch,False
keii00,,kwento mo yan eh di ka talaga magnanakaw dyan,2023-06-21,0,0,watch,False
santi_666,,family and i (na 4ever marcos haters) decided to watch this out of curiosity and i can confidently say on behalf of all of us: it was the shittiest corniest cringiest shit i've watched in a while. it was so bad we were laughing every 5 seconds. oh my god.,2023-06-16,1,1,watch,False
slaywoo,1,Cringe,2023-06-15,0,0,watch,False
boredlegacy,7,BTW LET ME COMMENT AGAIN AH. PURO PUKENG INANG TROLLS DITO. tang ina nyong lahat HAHAHA.magkano ba bayad sa mga puking ina nyo? mga horsehit na reviews. can't even watch the movie subjectedly without the political lense. tang ina nyo tapos na eleksyon. kung pang propaganda to edi sana before eleksyon to pinalabas. palibhasa kasi kulang na sa logic mga Lugaw nyong utak!,2023-06-14,2,0,rewatch,True
boredlegacy,7,"TOO MANY RETARDS RATED THIS MOVIE BAD. TANG INA NYO MGA KUTONG LUPA.kulang kayo sa gatas ng ina kaya puro uhog utak nyo. it's a good film, it's a fucking family film. tanggalin mo yung Name na Marcos dyan papanuorin pa rin ng mga tao to. Fuck you loosers",2023-06-14,1,0,rewatch,True
meriamrosalina,1,panget. di ko pinanood hater lang talaga ako,2023-06-08,0,0,watch,False
rell_,,"Ang cinema ay audio-visual medium. Pwedeng panoorin tong MiM nang nakapikit dahil lahat ng information ay nasa dialogue na. Mas gumawa ang produksyon ni Daryll Yap ng radio drama kaysa pelikula. Yung pabibong one-shot unang tatlong chapter e hindi rin naman nakakamangha dahil wala namang action. Astig ang one-shot sa mga zombie movie o war movie dahil sa continuous orchestrated action. Pero kung puro lang naman dada ang gagawin e balewala din. Mas awtobiograpikal ito kaysa politikal. Memoir to ni Imee Marcos (the best maid in malacanang - FM). Siya ang producer e. Yung mga tunay na kasambahay sa malacanang noon ay halos narrator lang dito. Ni wala nga sila sa poster. Si Marcos Sr., sa persona niya during his times, e eloquent at strong man. Dito sa pelikula, binaliktad. Siya lang yung hindi matatas magsalita kung tutuusin. Paulit-ulit na nakakairita na naghahabol ng mga salita. Lalo na doon sa eksenang pinagagalitan niya si Bongbong. Tina-try gawing tao si Marcos Sr. PInakikita kuno yung malambot na side nila, yung hindi inihaharap sa publiko. Ganoon din si Imelda, at si Bongbong na may oedipus complex pa ata. At yung Irene ba yun. Mukhang tatakbo si Imee Marcos sa susunod na eleksyon dahil strongwoman siya ng pelikula, pinapabango ang sarili. Bilang propaganda palyado din ito. Dahil magagalit, matatawa, o aantukin lang nang husto ang mga ""oposisyon"". NI-re-reinforce lang nito ang parasocial relationship sa pamilya marcos ng mga loyalista. Di bale na ang mga alanganin pa ang politika dahil madaling i-rebut ang mga ipinarinig sa pelikula. Ganito pala jakulin ng mga mayayaman ang sarili nila.",2023-06-08,0,0,watch,False
avrgmvenjyr,1,"Eh. Unserious director, unserious cast, unserious script (knowing that this story is told by Imelda and her family, had enough of listening to pathological liars)... unserious movie as whole.",2023-06-02,0,0,watch,False
vioyoletaz,1,BOO! GET OFF THE SCREEN!!,2023-06-02,1,0,watch,False
dwaynusmarcus,1,Delulu malala,2023-05-28,0,0,rewatch,False
ellizze,1,ang ganda ng cinematography ramdam mo yung historical revisionism ðŸ¤©,2023-05-24,1,0,watch,False
mkkiholy,2,pangit tangina kumati lang betlog ko,2023-05-21,2,0,watch,False
jhosbteruke,1,"A political fairy tale, basically a propaganda film for certain political figures. the fact that the film is not intended to be an accurate portrayal of history, and it is designed to influence public opinion in favor of a particular political cause.",2023-05-18T16:08:42.435Z,0,0,watch,False
734hunghang,2,tanginang movie to mas maganda pa manood ng bold ampota ./.,2023-05-17,0,0,watch,False
migiyuuuh,1,stormed out of my parents room cuz they watching this teehee,2023-05-06,0,0,watch,False
nsandie,9,"watched this with my girl na pro leny. No. I'm not trying to persuade her. Balanse lang. For me, we don't have to hate people especially when we weren't able to live in their era. Media is mercilessly powerful. I just don't understand why Gen Z tend to hate Marcoses so much.",2023-05-01,0,0,watch,False
tny0_0cinema,1,may foot fetish ba si darryl sa pagiging kissfoot niya kay marcos?,2021-07-01,1,0,watch,False
vi11areal,1,DISGUSTING,2023-04-21,0,0,watch,False
inn_mho,2,"Watched this in the movie theater with my mom - AGAINST MY OWN WILL. (I'm sensing a pattern here.)I don't know that much about Filipino history, but this is a blatant propaganda film. Also, yelling does not equate to good acting. Yikes.*Mom staringEvery Movie I Watched in My 20s at THE THEATER ðŸ¤ŒðŸ½",2022-08-12,0,0,watch,False
whyischi,1,wish i could give this 0 stars,2023-04-10T16:12:33.478Z,0,0,watch,False
direkkikay,,wala lang putangina neto,2023-04-05T06:32:20.252Z,0,0,watch,False
grcceries,,watched it for academic purposes. my distaste for all the screaming asideâ€” medyo scary siya as propaganda!,2023-04-05,0,0,watch,False
ker03,1,This movie is worse than you think.,2023-04-05,1,0,watch,False
dennisthemenace,,What a comedy,2023-04-04,0,0,watch,False
aberllyann,1,Holy fuck it should be the Thieves in MalacaÃ±ang,2023-04-02,0,0,watch,False
paprikasolusyon,1,BASURA,2023-04-01T09:06:05.501Z,0,0,watch,False
caspikk,1,L PROPAGANDA,2023-03-29,0,0,rewatch,False
ralvindizon,,Basura as in basura.,2023-03-28,0,0,watch,False
aiyssak,1,stopped watching mid 20 mins of the movie hindi ko kinaya nakakarindi si christine reyes sumigaw na lang nang sumigaw,2023-03-28,1,0,watch,False
laiwv,10,"This review section is infested with pinks, it just shows how effective this movie is in disturbing and agitating the other side of the fence.",2023-03-28,1,1,watch,False
luckynumberrye,1,mid in malacaÃ±ang,2023-03-28,0,0,watch,False
lalizatruss,1,This is literally an hour-long political campaign ad. There is a reason why campaign ads only last for 30 seconds.,2022-08-08,1,0,watch,False
bevslauzon,10,A story on how a powerful family coped up with the goings-on in a certain part of the country where they reside before they were exiled. Very touching story. Good story-telling by the director. I cried then laughed hard in many scenes. A very good film!,2023-03-27,1,0,rewatch,True
seulgi2023,10,"Viva Films' Top Grosser Film of all Time. Congrats!! to the director and his crew and of course, all the cast in the film. :D You all did an impossibly amazing job. Just like my late grandfather once said, ""nosi balasi"" when I was too young to ever understand whatever that meant anyways. I hope this will find its way in Netflix soon so that my 90++ granny can watch it too.",2022-08-06,0,0,rewatch,True
lienojog,10,This is a great film. It tells about the other side of the story which after 40 years was revealed in truthful facts. This is one of the highest grossed film ever. The movie has substance and intelligently presented and narrated as it actually happened.,2023-03-27,1,0,watch,True
0001yo,1,di ko pa napapanood pero lagyan k 1/2 rate ks tanginamo marcos!!!!,2023-03-27,0,0,watch,False
enwo,1,Yikes,2023-03-27,0,0,watch,False
kylikestowatch,1,"Just lacks any style, class, sophistication, energy, substance, creativity, and intellect",2023-03-27,1,0,watch,False
drivethru,1,no i didnt watch dis dogshit,2023-03-26,0,0,watch,False
ramonabahaghari,1,how do i give zero stars,2023-03-26,2,0,watch,False
wyntermelon,1,"actually di ko siya napanood, im just rating this out of sheer spite eme",2023-03-26,0,0,watch,False
caligraya,,"Not even worth a star, if you want a perfect example of historical distortion then this is one of it.",2023-03-26,1,0,watch,False
henlobea,1,â€¦,2023-03-26,0,0,watch,False
erikaindahawz,1,wahahahahahahhaha ano kaya yon,2023-03-26,0,0,watch,False
filmtrash_sab,1,â€˜di ko talaga pinanood pero rarate ko kasi alam kong pangit,2023-03-26,0,0,watch,False
jreyes409,1,BOBO LANG MANINIWALA SA BASURA NA TO,2023-03-26,0,0,watch,False
tinamariee,1,did i watch this? no.does it deserve a 1/2 star rating? also no bec it deserves nothing but unfortunately a half star is the lowest possible.,2023-03-26,0,0,watch,False
marcodelatorre,,"Wow. No. Just no. As much as I wanna say Iâ€™mglad I didnâ€™t pay for this, itâ€™s prolly where my taxes went. Garbage propaganda.",2023-03-25,0,0,watch,False
moonlitkink,,"i tried to be objective and to watch the film as a neutral viewer. i can see that yap tried to humanize the marcoses to the best of his ability but it just fell flat. the way they tried to portray marcos sr as an emphatic leader and loving father, the lack of subtlety and nuance is so funny to me. the color grading and camera angles looked stupid. the over acting of the whole cast looks dumb as fuck. anyways, PUTANGINA NG MGA MARCOS. PASISTA!",2023-03-23,0,0,watch,False
kuyalen,10,"10.02.2023[No Spoiler]Today, we watched the 2022 historical Filipino drama film â€œMaid in MalacaÃ±angâ€ by Vincentiments and Viva Films. The film revolves around the Marcos family during their last 72 hours in the Philippines. Witness the other side of this historical event. Those who are too trusting, their enemies may take something from them. It is a lesson of trust, loyalty and truth. The filmâ€™s cinematography and soundtrack is outstanding for an independent film. (5.0/5.0 LenarRatings)",2023-02-10,0,0,watch,True
samsntlcs,,[null]disclaimer: watched for a class,2023-02-15,1,0,watch,False
boohoobitch,2,ASS ðŸ”¥ðŸ”¥ðŸ”¥ðŸ”¥,2023-03-12,2,0,watch,False
joseandresyang,1,trash.,2023-03-10,0,0,watch,False
dwaynusmarcus,1,Sorry for dragging my classmates into this hellhole of a film,2023-03-08,0,0,rewatch,False
bezoomny,1,"-Chapter structure is shit-Cinematography is inconsistent-Even the fucking characters-Forced comedy-Maid as comic relief stereotype-Dialogue too on the nose on their message between maid, and conversation between Irene and FerdStopped midway cause it was so fucking bad. Full review when I'm in the mood to finish this shitshow.",2023-03-08,2,0,watch,False
lumpiawatches,1,trash can(nes),2023-03-08,0,0,watch,False
jayrlovesmovies,1,"There is so much to dislike about Maid in MalacaÃ±ang that there is not even one redeeming value in this blatant propaganda movie.The cast performance, which I thought would be the best (and only) part of the movie, ended up being disastrous. Not only they are terribly miscast, but they also don't sound like the Marcos family at all. Even if Christine Reyes had the ""best"" acting in this movie, it does not say much when she doesn't even look like Imee Marcos and the dialogue is terribly written. All of the budget to make them look accurate to the Marcoses went to Ruffa Guitterez's wig as Imelda and the filmmakers are lazily relying on the viewers to identify which one is who in the Marcos family. The cinematography is also not good. The use of pseudo ""one-take"" shot framing using the square aspect ratio to highlight the film's time period just makes this film so ugly and ingenuine. It's like I am watching a poorly-edited Lana Del Rey music video.The Vincentiments humor in some of the scenes is just terrible and very out-of-place for a period film like this. This is what you get for a film written by someone whose previous background in filmmaking was tacky sex comedies.Perhaps the most offensive part of this film is that it attempts to put the entire family in a positive light as if they are not held responsible for the things that took place during Martial Law. To justify their lapses, the film instead presents the Marcoses as genuinely good people who happen to be naive and absent-minded about the people who betrayed them and Imee (who is the film's main POV and the real-life senator is also a producer of the movie) happens to be the only smart one in the family. I just cannot fantom how people fall for this obvious lie, yet their supporters will take them as facts on the surface.It's so annoying how films like Maid in MalacaÃ±ang, as well as its counter-programming film Katips, only aim to fuel our culture war here in the Philippines. Both of these films are only made to strengthen the confirmation bias of their target audience, forcing them to accept whatever they presented as facts instead of asking the audience to ponder the message they want to tell.Among all of the bad-to-mediocre Martial Law and post-ML era films made since President Bongbong Marcos became president, this is the worst one of the bunch. Never again.",2023-03-07,0,0,watch,False
bromine_minari,1,"A gross spectacle in hindsight, one that embraces and glorifies every single form of manipulative and almost fascistic appeal from the characters. It's rather devoid of any sort of emotion and dipped into an endless pit of constant egotism by Darryl Yap that it's embarrassing to look at. When we are introduced to Marcos family, the first thing they with the large and spacious hallways of their palace, filled to the brim with gold, maids, and a polish mansion with never a single flaw in hindsight. When we are then introduced to the protesters, it's through low-angle shots, a filter of uneducated and poor peasants that almost sees them as derogatory of any kind. A film both ville and technically incompetent in direction. You can compare this to films such as Birth of a Nation or Triumph of Will, but at least those two films have clear reason and direction on why they exist a propaganda. In Maid In Manacalang, everything is so convoluted that it almost feels like a parody on Facebook rather than something to take seriously with. This film isn't even about any maids, and they probably just served as a light cover-up with the marketing. I hope Luis Bunuel comes back from the dead to make Darryl Yap live the events of ""Un Chien Adalou""",2023-03-06,5,0,rewatch,False
hanautasancho,1,"Historically distorted films have marred history for decades now. Certain movies like Argo, Braveheart, Pocahontas, and Patton had their fair share of twisting history in exchange for spectacle. Even movie juggernauts like Lawrence of Arabia or Titanic have been lambasted because they portray actual events. The difference between those films and this is that they have been created with cinematic accuracies that provide enjoyment to the audience.In the eyes of the filmmakers, what matters most is if the movie generates income, even if it's executed poorly story-wise and technicality-wise.Maid in MalacaÃ±ang, despite its well-divided 10-chapter plot, is a mixture of unnecessary inconsistencies shown in a very cheap spectacle style. Inconsistent shots that tried to execute long takes, like in 1917 or Birdman, but the character blockings and setup make it more annoying than pleasing. Cheap sets used to represent the MalacaÃ±an Palace (The grandest mansion in the Philippines) looked like a huge village home full of creaks and poor paints. Mixing in 21st Century Gen-z dialogues to add humor that doesn't work well. And line delivery seemed like the actors tried to portray their roles because they were asked to and did not practice well.But I got to say, it takes a lot of heart and brains to really watch this one.Because to me, who has watched a good chunk of films, especially award-winning ones, made this film more annoying than enjoyable even if you don't bother comparing it to actual history. I know we are not always gunning for our movies to be ""world-class"" because filmmaking is still a business, and sales are more important because it generates money. Maid in MalacaÃ±ang is definitely a tad below the low-class filmmaking because the whole movie felt like it was done in a rush, like a school project. Yet, it was still watched by a lot of people.I am wondering, have our standards on how we watch films gotten really low?",2023-03-06,0,0,watch,False
ervel,,I'll stay neutral on this one,2023-03-04,0,0,watch,False
kielp,1,The fuk?,2023-03-03,0,0,watch,False
cary_domiii,1,"I did my best to view this film in an objective manner. The film is ""meh"" at best and just a waste of time at worst. The pacing is so slow for the majority of the film. This could have easily been a 45-minute TV special but no they had to have a 2-hour runtime. There were a lot of long rolling takes that had no point of being long rolling takes. It's just for style over substance. The actingâ€¦",2023-03-01,0,0,watch,False
filmcirclerjct,1,"Fresh from the success of winning the Philippines' 2022 Presidential elections through their endless propaganda and trolling, Darryl Yap brings us his latest pessimus opus: the fictionalized retelling of the end of Marcos family's dictatorship, focusing on their last three days in MalacaÃ±ang Palace before their exile in Hawaii following the People Power Revolution in 1986.In the film, Cristine Reyes play the fictionalized version of Imee Marcos, who returns to the Philippines after she is summoned by his father, a fictional, mild-mannered version of Ferdinand Marcos (played by Cesar Montano). Upon returning to the film's cheap-looking version of Malacanang, the fictional version of Imee Marcos learns about a failed assassination plot against their family. All throughout the film's excessively long running time, the fictional version of the Marcos family face betrayal of several high-ranking officials, including several Palace staff, food shortages, plus fear and anxiety from the growing number of the ""mindless"" crowds joining the EDSA revolution. After ten excruciating chapters and 105 wasted minutes, the family, upon the persuasion of the fictional version of Imee, decides to leave the Palace, with the help of m0therfvcking senator Robin Padilla as Gen. Fabian Ver, the Chief of Staff of the AFP under the Marcos Administration. The film ends with people storming the Palace, looting and destroying its premises.Penned and directed by Yap, with the real Imee Marcos serving as the film's creative producer, this propaganda film is actually not the worst Filipino film of 2022 for me (that recognition still belongs to the Claudine Barretto revenge drama ""Deception""). But this is definitely the most boring local film from last year. The film opens with a text saying the following: "" Ang pelikulang ito ay naglalaman ng mga tunay na kaganapan, sa gitna ng kasaysayan, sa gilid ng kaguluhan, sa likod ng media, na ngayo'y ihaharap sa Bayan."" Early on, it already conditions the viewers' minds that what they're about to see is based on a true story. It even used real life footage and clips from the time of the EDSA revolution to make it feel more ""real."" There's even a voice-over, claiming that Cory Aquino herself was advocating for the public's civil disobedience. We all know how it's going to end, with Marcoses as mere victims of fate and tragedy. Nothing is surprisng anymore. In short, their version of the truth, so it's predictable from the get-go. Kuwento niyo yan, eh.On top of this, the forced comedy makes it even more painful to watch. Can you imagine, the actual ""maids"" in the movie are the ones that make it more cringy, acting like some chorus and providing comic relief (which all failed). Karla Estrada and Beverly Sarmiento in particular, are both excruciating to watch and listen to. It feels more like a series of Vincentiments skit with bigger names, stitched together to form a film. It also looks like one. It's cheap. It's boring. It's always loud (lots of shouting, as usual). It's very dependent on stirring controversy. Very Darryl Yap.Right from its early scenes, the film's main focus is on the fictionalized version Imee Marcos, making it feel like she's the hero of the story. It's actually pretty confusing, because I remember the real Imee Marcos saying before that she was ""too young"" when she heard about Martial Law, but here, she's portrayed as a full-grown, fierce and intelligent woman, which we all know are all made up, just like her claim that she is ""one of the first female graduates from an Ivy League School -- Princeton University, graduating with honors.""And as expected, it paints Ferdinand Marcos as a naive and innocent victim who trusted the wrong people, and the entire family as sad victims. Boohoo. ""Palagi lang mabait! Yan, yan yung ginamit nila para mapagbagsak ka. Sobrang tiwala mo sa kanila,"" said the fictional version of Imee. They did get one detail right though: that young Bong-bong is a party animal, as proven by their massive private video collection obtained by the media, including the infamous ""We Are The World"" video during his birthday celebration on board the presidential yacht Ang Pangulo.To make matters worse, all the scenes lack tension. They all feel dull, despite how loud the characters shout their lines. The only thing that adds emotions to its scenes is its manipulative and overbearing music. The cinematography employs long shots which, instead of giving the film an authentic feel, makes it look more boring. The performances only add up to the film's blandness, like Ruffa Gutierrez's performance, who looks like she doesn't know any other facial expressions. She's like Jennifer Coolidge, but in a very bad way. You don't know whether she's about to laugh, about to cry, or she's just constipated. The only good decision that this film had is having Cristine Reyes playing the improved, cinematic version of Imee.It's packed with lies after lies, that it is so hard to keep track.""Galit na galit sila dahil hindi tayo nanggaling sa elitistang angkan. Galit na galit sila dahil probinsyano lang tayo. Galit na galit sila dahil mahal tayo ng mga tao. Pero hindi ko magawang magalit sa kanila,"" says the sadboi ex-President in the movie. And I'm not even going to dig further in that scene featuring Giselle Sanchez's portrayal of Cory Aquino playing mahjong with nuns, which has been debunked by the Carmelite sisters themselves.Long, loud, lame and lifeless, this fictionalized, propagandist film from Viva Films and Darryl Yap is nothing more than a disgusting attempt to whitewash the crimes and atrocities under the Marcos dictatorship, and to suck-up to the current administration.The design is very Darryl Yap.",2023-03-01,0,0,watch,False
gregsaurusz,1,"I watched it unironically, first few minutes was already fucking terrible",2023-02-25,0,0,rewatch,False
frootees,,"This was produced by Imee para ipakita na siya ang ""brain"" sa pamilya niya and that others in their family are just supporting characters na walang alam. The film tried na maging kwela through the ""maids"" pero what's the point in all of this??? Para mapaniwala ang mga tao sa version nila ng ""truth"" dahil sa documentary-ish format niya na may narrative. Di ko tinapos kasi para akong magkaka-cancer ako sa panonood.",2023-02-25,0,0,watch,False
edsaur_,,"Imee Marcos is the star of the Movie.The movie circles around lang sa Marcos family, cleaning their names during the last days of Marcos Regime. I more think of it as they think most of the Pinoy are rebels since wala na silang mapagkakatiwalaan HAHAHA.(Wrote this within 30 minutes of the movie) First scenes, we can see how glamorous the Marcoses are. Nasa Singapore para magpagamot, dami ng luxuries bags.Yung mga maids chismis lang, oo, hanggang chismis lang.In Chapter 2: Ilocos o LeyteBiglang nagwarfreak si ateng mo sa chismis ng mga yaya sa palasyo na wala nang mapagkakatiwalaan sa palasyo. HahahaWalang creativity si Daryll Yap, may pachapter pang nalalaman, Quentin Tarantino wannabe?Chapter 3: TigreHahahaha narealtalk ni Marcos Sr. si BBM dasurv. Nalipad isip ni BBM eh nasabihan na wag magsuot nung damit, di masunurin. Literally walang alam sa politika si BBM laging nasa club kaysa sa Government Affairs HAHAHAH.Ang drama, puro drama.Di ko na tinapos hahaha",2023-02-22,0,0,rewatch,False
mochieru,1,Fangit.,2023-02-22,0,0,watch,False
0800blunted,1,FANGIT,2023-02-22,0,0,rewatch,False
prdgldd,1,TANGINA MO AMPANGET,2023-02-22,0,0,rewatch,False
ztirf,5,"I admit this is a daring film, could be propaganda. It's not that bad, it's not that too good also. 2.5 stars for Christine Reyes - her moments in the film deserve a mention and those 360Â° camera shots. There is no revisionism whatsoever. It didn't convince me to change my perspective about anything in history. Besides, films in general are to be taken with pinches of salt.",2023-02-21,3,0,watch,False
ariescferrer,,asan yung mga diaper,2023-02-20,0,0,watch,False
yvesaerom,2,dito napunta tax ko? basura basura basura basura basura.,2023-02-20,0,0,watch,False
jhncrmwll,1,"di ko sinasadyang mapanuod to dahil sa pamilya ko. nagsisi ako after, sayang 2 hours ko.di ko talaga magets bakit pinipilit nila yung â€œbiktimaâ€ narrative para sa mga Marcosâ€¦",2023-02-19,0,0,watch,False
1mpyerno,,"MARCOS, HITLER, DIKTADOR, TUTA",2023-02-18,1,0,watch,False
chloeloreen,2,i worry for cristine reyesâ€™s vocal cords,2023-02-18,0,0,watch,False
davoarid,3,"Finally got to see the year's most controversial film! (Currently ranks as the 3rd highest grossing Filipino film* of all-time...as well as the fourth lowest rated film on all of Letterboxd right now.)I think Yap is just too stupid and lazy for this film to be *truly* offensive; as it is, it just plays out as the sort of propaganda whose only goal is to preach to the converted. The Marcoses are depicted as paragons of virtue, unfairly maligned by the ignorant (and jealous) activists/media who've always despised them. There's never any mention as to WHY these activists are so angry--no menton of the thousands of victims of the dictatorship. No, Ferdinand Marcos's only crime (according to this) is that he loved his country too much.I'd like to be charitable--one could defend this by saying that, since this film is only from the perspective of the Marcoses and their staff, that of course the result will be hero-worship...that in fact, he's making a critical view of him by showing how brainwashed his inner circle was....except Yap can't even do that, as he inserts newsreel footage and chapter headings that all promise he's showing us ""the TRUE story"" of the PPP. And the ending--Cory Aquino's lone appearance, gambling with nuns and heartlessly ordering the Marcos's exile--completely scraps that possibility (as it depicts Aquino as a monster, and it's also a scene no one in the Marcos family witnesses--it's all Yap.)That said: on a formal level, the film is really interesting. The average shot length is about 3 minutes each, and they're not lazy stationary ones; Yap will start a scene outside the palace, then go indoors, up the stairs, into different rooms, with dialogue from multiple actors, all without a cut. I don't quite know why he's doing that, but it's a really neat touch, as most of the film is comprised of conversations, and I'm always a sucker for shooting those at a distance with shots as long as possible--it's the best way to capture performance, imo. And the odd music cues (it starts with an 80s dance version of an OPM classic ""Nosi Balasi""), random interjections of humor (from the maids), and odd bookends of scenes (a maid ends her Big Speech to the palace staff by asking one for a candy bar), it's all very interesting...yet totally at odds with the rest of the film which is blunt and brutal.*Thatâ€™s what Wikipedia says, but Iâ€™ve learned that the box office figures for this were almost certainly inflated artificially.",2023-02-14,5,0,watch,False
claederis,1,BEST FILM I'VE WATCHEDTHAT REPRESENTS HISTORICAL REVISIONISM. WELL DONE DARRYL YACK !!! KEEP IT UP PDF ðŸ”¥ðŸ”¥ðŸ”¥ðŸ”¥ðŸ”¥ðŸ”¥,2023-02-13,0,0,watch,False
overdgardenwall,1,malapit ko na i- assassinate yang pdf file na yan,2023-02-13,1,0,watch,False
_ryanista,1,"notes while and after watching:- bading talaga si darryl yap kasi bakit may topless montage si kiko estrada sa intro eh wala namang significance yung character niya sa movie ???- ang ganda nitong nosi balasi synth arrangement sa opening kaloka- sobrang sloppy ng dialogue huhu trademark na ata talaga ito ng isang darryl yap film- NAKAKABWISET YUNG MGA LONG TAKES ANG TRYING HARD MASHADO- ang daming text cards wjjajaja ano to silent film- comedic relief nga ang maids very true ito- TEH JUST GIVE UP THE LONG TAKES sobrang pangit na ng blockings ilang beses na natakpan ni cristine si karla sa mga scenes ðŸ˜­ðŸ˜­ðŸ˜­- DIEGO LOYZAGA STAND TF UP BRO kinakain ka ni cristine at ella cruz sa actingan JAJSJWJSJ hanggang dito ba naman sa movie wala pa ring kwenta si bongbong???- fuck ass snoozefest pag wala si imee sa screen zzzzz- masarap panoorin to pag lasing ka bc these long takes are getting hazy as fuck- YASSS hanggang dito talaga puro ngawa si bongbong - marcos: hindi ko kayang saktan ang ating mga kababayan na habang buhay ko nang pinaglalabanalso him: pinatupad ang martial law- sobrang propagandist naman ng dialogue nito at least make it believable naman kahit papano diba ðŸ˜­ðŸ˜­- too many fucking chapters bruh akala ko ba last 72hrs in malacaÃ±ang lang to tangina- isa ka pa ruffa ang pangit mo umarte bwiset- this oedipus ass scene between imelda and bongbong ðŸ˜­ðŸ˜­ðŸ˜­- ulol ka darryl yap ginawa mo pang palamunin tong mga katulomg nila sa bahay eh nagtatrabaho yang mga yan gumamit pa ng mga extra at normal people (non-celebs) para makakuha ng simpatya at maka-appeal sa audience- WAHHAHSHSHAHA ULOL TANGINAMO ROBIN PADILLA MAY PA-CAMEO KA PANG NALALAMAN TIGAS NG MUKHA MO- natapos din hays- you'd think na makakatotohanan talaga to dahil alive and well pa yung character ni biday ngayon at nakakasama niya pa rin ang mga marcos (they knew what they were doing showing the pictures of the real people beside the characters in the end)- kaya rin pala maid in malacaÃ±ang ang title kasi ginawa talagang medium ni darryl yap yung mga maid para i-voice out ang mga (walang kwentang) sentiments ng pamilya marcos- hindi nagkantutan si imelda at ferdinand dito WE LOST ðŸ˜”ðŸ˜”- kung hindi ka knowledgeable sa mga totoong nangyari, mapapaniwala ka talaga ng movie na to (altho mej comical ang portrayal minsan) effective talaga yung attempt na i-humanize ang mga marcos through this film at let's be honest effective talaga to as a propaganda film ðŸ¤·â€â™€ï¸",2023-02-13,4,0,watch,False
redrumthebum,3,"ok what a weird fucking movie for one. it's so pompous to the point of parody. the melodrama is delusional, the marcoses are portrayed in an almost mythical yet mortal duality, the savior complex drilled into the family's very existence as a political dynasty, the hysterical maids with stockholm syndrome, the dubious historical revisionism, the cognitive dissonance of everything, it's... kinda good?????????it's good but in a weird way that works for my dumbass. while it claims to contain true historical events -- and sure, it does to some degree, if not dubiously -- most of its runtime is spent on the marcoses having existential crises and emotional breakdowns. essentially, it's a two hour vlog of the malacaÃ±ang palace through the lens of less than credible ""people.""it's a family drama that tries its hardest to be sincere, but the sudden tonal shifts end up making the film feel like a satire. the film cant make up its mind whether it wants to make fun of the people watching, the people and history it's portraying, the opposition, the politics, the ""truth,"" or all of the above simultaneously. and maybe it's not so much ""historical revisionism."" the marcoses and everyone caught up in their delusions of grandeur probably did and still do act and speak like that. the film is made up of word vomit -- and that is its best and worst attribute.""it's like succession but unironically,"" sabi ni efjay. pero ngayon, puta, hindi na ako sure. it's all just words. complicated airflow. it doesn't mean anything anymore -- at least after watching this. and with what essentially is a film made to dickride on the marcoses' reclaim to power, there's no better time to lament the death of words and reality.""ang tunay na rebolusyon ay ang digmaan ng dapat at tama,"" sabi sa pelikula. pero sa panahong hindi na mawari kung alin ang alin, may pag-asa pa ba ang tunay na rebolusyon?idk fuck me, this experience made my head ache BAD",2023-02-12,2,0,watch,False
lady_1vy,3,"I cried my eyes out watching this. A lot of dialogue that was brought up was not quite right but the emotions in this film were real so gave it 1.5 just for that. When you look at it as a film its kind of good, the cinematography was good for me the acting was eh for me. But when you label it as a historical film idk for me I would not see this a historically accurate film as for them painting the people as villain's was not that good, it would be a great thing if they added the perspective of the people, but this isn't about the people isn't it its about the Marcus.",2023-02-12,0,0,watch,False
shuafilms,,"1 hour in the film: okay so this is just the usual pointless screaming monologue shit oh we're good1 hour and 30mins in: oh shitafter that ""Retaso"" chapter: fuck they really know how to play their game...Yap proved himself once again on how he's such a good propagandist. we all know this was trash and was just sensationalized history filled with theatrics but I kept thinking about the people that have already seen this film. the appeal to emotions was wild asf you could have chills if there was no context. well, I felt chills at how those people who fought for our revolution was painted as a villain. it's so fucking sad how we are at this point in history where this film exists. call it trash as much as you want but it is undeniable how this is such strong material for Marcos propaganda. the Marcoses were put in such a good light and it's easy to empathize with them after seeing this if you are in the latitude of noncommitnent. if I can just erase it at the memory of those who have seen it but oh well, here we go again. we're getting a sequel that seems to be more evil.",2023-02-11,10,0,watch,False
dopeasslei,1,Basura,2023-02-11,0,0,watch,False
chuzen,6,"as with all things in life, one must take this film with a grain of salt - obviously you have to when imee marcos is a producer - and they absolutely are trying to whitewash the marcos family, even romanticize them. thus, the way to view this film is as a window to how delusional the marcoses and their supporters are. in this way, it becomes a fascinating and at times hilarious watch (often unintentionally). the extent to which daryl yap tries to humanize the marcoses is so over the top it is comical. itâ€™s not that humanizing the marcoses is a sin - itâ€™s the @$$ kissing that makes one rolls their eyes. and thereâ€™s plenty of it here.nonetheless, i found this to be more entertaining than basically any lav diaz film iâ€™ve seen, and less offensive than the racist film of (the otherwise great auteur) mike de leon (both of whom - rightfully so - are marcos critics). at least with maid in malacanang i knew what to expect - diaz is so pretentious i dgaf how much my politics align with his, and the fact that filipinos ignore the (not even casual) racism of kakabakaba ka ba really makes me want to bash my brains out. as if fawning over the royal family of england is any different than the fanaticism of marcos supporters, but one is more acceptable to certain filipino cinephiles than the other. in the end, if youâ€™re not ken loach/paul laverty or the dardennes, what does it really matter? guys, itâ€™s just a corny movie.tl;dr the marcos dynasty still sucks and this film is corny, just like all the films about the royal family. just laugh at it. or hate on it, i dgaf. but letâ€™s not front, either postscript i canâ€™t believe i have to actually say this, but one of my uncles was actually tortured under the marcos dictatorship, but i might as well just do it preemptively to ward off any weirdos who might come across this post and want to comment you apologist you! foh!",2023-02-10,18,4,watch,False
gabatovinson,1,"dinownload ko ito kasi meron na pala sa tabi-tabi pero hindi kaya ng kaluluwa ko panoorin 'yung pelikula. sa unang text pa lang, tumigil na agad ako. dinelete ko agad na parang si lyra at in-empty na rin ang recycle bin. binasa ko na lang 'yung plot sa wikipedia. 'pag binasa niyo rin 'yung profile ni marcos sa wiki, maraming links doon ng katarantaduhan niya.sobrang pathetic na si imee mismo ang nag-produce nito. pero mas pathetic ang fact na nagawa ang piesceshite na ito. miscasted din si cesar montano o kulang lang sa prosthetics kasi nabubulok na si marcos noong oras na 'yan dahil sa lupus - google image mo. either way nabubulok na rin malamang si montano.i'm rating this a half star just for pure existing.",2023-02-10T09:23:33.755Z,0,0,watch,False
xpert_ninja,1,"Tanginang jakol to ah nanood na lang sana ako sa jerkmateKahit kung wala akong alam sa kasaysayan, putangina di ako maaawa sa pamilyang 'to. Boohoo di ako makakapuntang Singapore. Boohoo maraming sapatos, mamahaling pinggan mawawala sa amin boohoo. Bohoo wala na kaming makain kase hinaharangan kami ng sambayanang Pilipino. Boohoo bat ba galit sila sa atin? Mahal ba nila tayo? Dahil ba taga probinsya tayo? (Real lines yan btw, non verbatim pero same gist). FUCK YOU! Also lmao bat may long take scene na tinatrashtalk si Bongbong? Sariling Marcos propaganda tapos mukha naman siyang tanga hahaha",2023-02-09,2,0,watch,False
tokyruru,1,BOOOOO TOMATO TOMATOOOO BOOOOO ðŸ…ðŸ…ðŸ…ðŸ…ðŸ…ðŸ…ðŸ…ðŸ…,2023-02-07,0,0,watch,False
hixbeau,,putangina pangit,2023-02-07,0,0,watch,False
tapesofyooji,2,tite burat,2023-02-06,0,0,watch,False
squidbot3000,1,di ko pa xa napapanood pero alam ko nang pangit ito ðŸ¤£ðŸ˜‚â€¼ï¸,2023-02-05T05:31:44.921Z,0,0,watch,False
cashuenot,1,historical distortion at its finest go save your time and do not watch this sad excuse of a movie,2023-02-03T03:45:07.983Z,0,0,watch,False
willowsmores,,alexa play robbers by the marcosesfyi hindi ko pinanood to basher lang ako,2023-02-02,2,0,watch,False
jersseyalas,1,"Yeahâ€¦ So I was forced to see this movie by my Lola. I had to pretend to be interested in Filipino Fascism and fake being horny over a corrupted Politician in front of my Lola cause she worked for him in the Philippines for like 2 hours or however long this shit movie is. I hated every second of it. But at least one of the maids can swim now.Also, can we talk about Bongbong being like â€œMakakabalik tayo mommyâ€ and then slowly zooming into the fucking â€œ2022â€ in Imeldaâ€™s shoes. Like What the actual Fuck? Or how Ferdy was like â€œLmao they only hate me because I grew up poor ðŸ˜”ðŸ˜”ðŸ˜”â€ Like Bitch? No. They fucking hate you for being a fucking dictator.I can go on about how the fucking composition made me wanna gouge my eyes out. But at least Nosi Ba Lasi is catchy.In the end I walked out of that theatre wanting to kill myself. But oh well. Putang Ina Mo.Dictator Daddy Ferdinand Marcos x Martial Law I guess.",2022-08-21,0,0,watch,False
yliar,1,what constant dicksucking does to a mf,2022-06-25,0,0,watch,False
droppedmeout,1,bibigyan ko 'to ng .5 kasi shet!! may lakas sila ng loob na i-release 'to in public like... TANGINA?! ano 'to? basura??????p.s. wala akong choice panoorin 'to kasi gusto ng parents ko YIKES,2022-08-07,0,0,watch,False
oozii,,funget,2022-08-04,1,0,watch,False
takiyaki,1,Pangit amp,2023-01-16T14:11:27.258Z,0,0,watch,False
jiannel,,panget.,2023-01-15,1,0,watch,False
dawxd,1,pangit hahhahahahahah,2023-01-12,0,0,watch,False
11lxf__,1,paparapanget,2023-01-10,0,0,watch,False
kurorarara,1,putangina pangit,2023-01-07T05:53:04.532Z,0,0,watch,False
gungirls,1,have not watched. will not watch. just wanted to make sure the ratings never reach a 3.0,2023-01-02,0,0,watch,False
domiditz,1,"other than it being what it is, its just bad writing, OBVIOUS bad acting and directing, the chapters?? ðŸ’€ (its a CHOICE a grade school film club would do.)all in bad taste and their main goal is not to do a retelling of what happened, but to victimize themselves and villainize the peopleit wasnt a movie of their last 72 hours in the Philippines but an attempt to fix their reputation by changing history""History is like tsismis. It is filtered and dagdag na rin, so, hindi natin alam what is the real history."" ðŸ’€Cameo ni robin padilla?? GIRL BFFR. The IRM 2022 mark on her shoeits disgustingbad actingbad writingbad directingbad editingBAD PACINGGBAD PLOT STRUCTUREEhorrible money grabmy mom dragged me to watch it in the cinema pa naman ðŸ˜­ i almost fell asleep too",2022-08-10,1,0,watch,False
tyoshi9,1,"Incompetent, and impotent.",2023-01-01,0,0,rewatch,False
shrekermit,1,mwahahah potangina ang shongit mas maganda pa short film namin dito ei,2022-12-31T04:25:55.921Z,1,0,watch,False
hheyangel,1,fangit,2022-12-30,0,0,watch,False
nsblvr16,1,fangit,2022-12-30,0,0,watch,False
thevulcansalute,,"ewww the worst. Maid in MalacaÃ±ang is an abomination of a film. It's like watching an artless hack try to force lies lies lies and untrue narrative. The acting is wooden, the story is a complete mess, and the direction is just plain embarrassing, purely pathetic! All in all, it's a bit like watching a 1hr+ cringe fest that has no redeeming qualities whatsoever. Avoid at all costs!!! movie of the decayed indeed.",2022-12-26T09:07:50.973Z,0,0,watch,False
cediegabo,1,basura putangina mo,2022-12-26,0,0,watch,False
voidick,1,"PDF, there's a special place in hell for people like you",2022-12-22,0,0,watch,False
adira3000,1,pangit,2022-12-13,0,0,watch,False
windburned,1,"Shit show embodied. Although they are suppose to show the side of the Marcoses they did it poorly, poorly written, poorly characterized.",2022-12-11T13:50:55.922Z,0,0,watch,False
rickkkk,1,ampota may pa post credit scene pa,2022-12-11,0,0,rewatch,False
mi9o,,fangit,2022-12-08T14:10:15.679Z,0,0,watch,False
ego_xiess,1,ew,2022-12-08,0,0,watch,False
riiysen,1,"this disputes film being an artform, it's like the end feces of the human centipede",2022-12-06T06:09:05.386Z,0,0,watch,False
maryonjosep27_,1,kahit di ko pa napapanood putangina niyo,2022-12-04T09:44:45.807Z,0,0,watch,False
pigporker8687,10,"PUTANGINA! AMAZEBALLS AMPOTA IBANG KLASE, MAST WATCH TALAGA, AS IN! MAPAPA ""WOW, ANG SICK, ANG COOL. WOAH"" KA TALGA!",2022-08-24,1,0,watch,True
ronaldalan,1,"Totaly a propaganda movie. By just watching the trailer the acting, directing and cinematography looks like a shit high school movie production.",2022-11-29,0,0,watch,False
gabjii,1,PUTANGINAMO DARYL YUP PANGIT,2022-11-28,0,0,watch,False
janrsll,,Ew.,2022-11-23T16:16:13.564Z,0,0,watch,False
coffeemints,5,"[ahahaha if u saw my profile yes I watched this, but I also watched Katips as well- ALSO NO I WATCHED THIS FILM ONLINE JUST LIKE KATIPS]Okay before anything, I'm not a kakampink or Marcos Loyalist [and I don't care about political labels] so if you don't like my opinion cuz it doesn't align with your political views, then don't read my post from here.I've heard of Darryl Yap before [Via vincentiments] but I wasn't interested in his works- since I found most of them to be disrespectful and controversial, yet ig that's the style he likes or made him relevant anyways...So, I watched this film with a neutral thought-and I knew that this would focus on the Marcoses' (Obviously cuz Imee helped him produce it) last hours in Malacanang (yk when they were ousted in 1986), and I never really thought about it but yea I never heard their side of the story when it came to their last hours there...[Okay this is where all the political shenanigans happen so please respect my opinion huhuhu]Well, it's rare to see a film talk about the Marcoses on a less-evil note - unless bloggers talk about them, so there was kinda a gap for me when it came to perceiving Marcos Sr. as a father than as a strongman. It wasn't my cup of tea at first, but ig he was also a person who had his flaws IN THE FILM. The actor portrayed him pretty well, the same goes for Bongbong and the rest...I also liked how they centered this more on family issues than political issues tho. And wow They sure had their conflicts...I just didn't like how they kinda rushed on some parts, or overly exaggerated the maids...Storyline: Engaging and interesting, yet had some plotholes. [3/5]Characters: OKAY OUTSIDE THE ACTUAL MARCOSES, the characters in the film were good. [4/5]Music: Meh. [2/5]Overall: 9/15 - again I'm not a Marcos supporter [or even a Leni supporter] - but okay the film was decent. Relieved I didn't see this in the cinemas, but well it did reach my low expectations...""Does this change my opinion on the Marcoses"" - bruh, just cuz I watched a film that all the Marcos supporters had been eyeing about, doesn't mean that I will support him or his allies at all. I have my opinion on the family- and even if this film centers on them, it will never change my political views whatsoever.""Do you think this boosted Marcos' reputation"" - I can't speak for the film's viewers, it's up to the mindsets of both toxic and healthy-minded Filipinos who bothered seeing this movie. ""Do I think that this is historical revisionism?"" - not really, it's just their POV, also it's a movie with an exaggerated plot so I doubt it; after all, we can't speak for Imee, she's the daughter so she's tryna keep it clean ig""Katips or MiM?"" - I suggest watching both...then making your own opinion on them- outside the political viewpoint. Character-wise - MiM / Music-wise - Katips / entertainment-wise - both""Would I watch it again"" - don't expect it. I don't think I'd have the time to watch it or think about watching it- when I'm bored.The most important question: ""Is history tsmis?"" - hahahahahah no sweetie it's facts, yet these facts can change if there is any reliable book information that can justify a change. BUT OVERALL NO IT'S NOT. Do I look forward to seeing the sequel: MoM? (hA, sure but don't expect me to watch it in cinemas)",2022-09-16,2,1,watch,False
loftqure,1,don't need watch it to know how shitty it is.,2022-11-19,0,0,watch,False
khad07,,fake history na ginawa for propaganda,2022-11-18T18:55:28.670Z,0,0,watch,False
milkdew,1,putatataabbgina mo daryl yabp,2022-11-13T02:51:06.539Z,0,0,watch,False
takobell,,bad,2022-11-07T12:50:23.752Z,0,0,watch,False
seinarisean,,fuck youooooooi,2022-11-05,0,0,watch,False
thaliaxj,1,parang ex ko kung mang-gaslight e,2022-11-04,1,0,watch,False
passionisstar,,"i would like a word with the director at how atrocious the camera work was. uselessly spinning the camera around, panning around the characters endlessly (even panned it across bongbong's butt for WHAT), and the shakiness that definitely was NOT an artistic choice, rather a poor handling of sorts. this movie feels half-assed, lacking in depth, and rushed.however, the acting was good. i commend the actors for their great performances. they managed to deliver the lackluster lines despite what they were given.",2022-10-26,0,0,watch,False
jihyozxc,1,OH HELL NAHHHHHH,2022-08-04,1,0,watch,False
pretsell,1,"di ko pa to napapanood at hinding hindi ko to papanoorin, putanginanv movie yan, sila sila lang din bumibili ng ticket",2022-10-18T14:42:29.700Z,0,0,watch,False
marquinrobes,1,Philippine cinema is dead. Thank's to Assryl Yap (intentionally spelled that way),2022-10-18,2,0,watch,False
st4rf4iry,,TOMATOES TOMATOES TOMATOES,2022-10-17,0,0,watch,False
aljayn,1,legit na poster pala 'to akala ko fan-made lang,2022-10-17T09:56:39.362Z,0,0,watch,False
juwia,,basura,2022-10-11,0,0,watch,False
alexaarob,,amputahhhh mga lason,2022-10-11,0,0,watch,False
bethalamus,1,what in the actual fuck is this?,2022-10-10T17:24:51.220Z,0,0,watch,False
bbunri,,can yall stop making shit for this family.,2022-08-06,0,0,watch,False
frieslessme,1,"hey you know, i can not... i mean.. well... w-we- awkwardly laughs. i-i am... well... no. it's not. it's just that... i... i can not... it's a... it's a question that has... that we have talked about again and again and again. and the... cases have already gone through the court uhh what more can be said. y-ysshdh... what more can be said.PS: MOVIE OF THE DECAYEDNASAYANG ANG 114 MINUTES NG BUHAY KO",2022-08-11,0,0,watch,False
ashleybread,1,tae,2022-10-09T21:56:14.085Z,0,0,watch,False
milkmuseum,1,wala na yung rating hahhahahhahahahaha daryll yap iyakin fat fattie taba tabachoy,2022-08-03,0,0,rewatch,False
milkmuseum,1,si darryl yap lang naman yang anim na nagbigay ng five stars wahhahaha,2022-07-13,0,0,rewatch,False
milkmuseum,1,bogo jud mga pinoy,2022-10-06,0,0,watch,False
tabooo,6,The acting was phenomenal. It made me cry and knowing it was based on a true story made me learn to be open minded in everyones side of the story. Neutruality if you will.,2022-10-05,0,1,watch,False
127201,1,Lowest rating for this bullcrap!,2022-10-01,0,0,watch,False
